title,price,sell_vol,link,model,repair_type,source
Steampunk Mobile Phone Bag Role Play Costume Accessories,,Lists: 54,"https://cf.cjdropshipping.com/quick/product/3bcf75c0-d370-47cc-bfaa-23938d33fc07.jpg?x-oss-process=image/format,webp,image/resize,m_fill,m_pad,w_250,h_250",steampunk mobile phone bag role play costume accessories,other,www.cjdropship.com
Mobile Phone Holder Strong Light Flashlight Road Cycling Accessories,,Lists: 229,"https://cc-west-usa.oss-accelerate.aliyuncs.com/1620446192200.jpg?x-oss-process=image/format,webp,image/resize,m_fill,m_pad,w_250,h_250",mobile phone holder strong light flashlight road cycling accessories,other,www.cjdropship.com
360 Rotatable Phone Mount Holder Car Dashboard Gravity Adjustable GPS Stand Rotating Car Phone Holder Universal Dashboard Mount Car Holder GPS Phone Stands Auto Accessories Car Phone Holder,,Lists: 1582,"https://cc-west-usa.oss-accelerate.aliyuncs.com/f2d6a390-c99f-4f3e-8a6c-c2fa2c47ed74.jpg?x-oss-process=image/format,webp,image/resize,m_fill,m_pad,w_250,h_250",360 rotatable phone mount holder car dashboard gravity adjustable gps stand rotating car phone holder universal dashboard mount car holder gps phone stands auto accessories car phone holder,other,www.cjdropship.com
"Compatible with Apple, Mobile phone PTZ Mobile tripod handheld stabilizer fixed photography accessories",,Lists: 78,"https://cc-west-usa.oss-accelerate.aliyuncs.com/15570720/180325109104.jpg?x-oss-process=image/format,webp,image/resize,m_fill,m_pad,w_250,h_250",compatible with apple mobile phone ptz mobile tripod handheld stabilizer fixed photography accessories,Lentille Appareil Photo,www.cjdropship.com
Creative Beaded Pendant Ornaments Portable Chain Wrist Strap Short Lanyard Mobile Phone Lanyard Keychain Accessories,,Lists: 5,"https://cf.cjdropshipping.com/quick/product/c4e9d6b5-1588-4091-bbd4-b89f47cf60e5.jpg?x-oss-process=image/format,webp,image/resize,m_fill,m_pad,w_250,h_250",creative beaded pendant ornaments portable chain wrist strap short lanyard mobile phone lanyard keychain accessories,Stylet,www.cjdropship.com
Foldable Mobile Phone Holder Ring Buckle Retractable Desktop CellPhone Stand Car Magnetic Bracket Office Accessories,,Lists: 1389,"https://cc-west-usa.oss-accelerate.aliyuncs.com/78c173c2-7c8b-4a8c-9af9-d33d4da8c8e1.jpg?x-oss-process=image/format,webp,image/resize,m_fill,m_pad,w_250,h_250",foldable mobile phone holder ring buckle retractable desktop cellphone stand car magnetic bracket office accessories,other,www.cjdropship.com
For Magsafe Magnetic Luxury Leather Card Holder Wallet Case For 14 Pro Max 13 12 Phone Bag Adsorption Accessories Cover,,Lists: 5803,https://frontend-cf.cjdropshipping.com/config-resource/cj/img_default.jpeg,for magsafe magnetic luxury leather card holder wallet case for 14 pro max 13 12 phone bag adsorption accessories cover,other,www.cjdropship.com
Phone watch,,Lists: 282,https://frontend-cf.cjdropshipping.com/config-resource/cj/img_default.jpeg,phone watch,other,www.cjdropship.com
Smart Phone Watch Multi-function Positioning Function Mobile Phone,,Lists: 133,https://frontend-cf.cjdropshipping.com/config-resource/cj/img_default.jpeg,smart phone watch multi function positioning function mobile phone,other,www.cjdropship.com
Elderly Phone Watch GPS Positioning Anti-lost Old Smart Watch Anti-falling Alarm Heart Rate And Blood Pressure,,Lists: 250,https://frontend-cf.cjdropshipping.com/config-resource/cj/img_default.jpeg,elderly phone watch gps positioning anti lost old smart watch anti falling alarm heart rate and blood pressure,other,www.cjdropship.com
DS18 Smart Child Positioning Phone Watch,,Lists: 86,https://frontend-cf.cjdropshipping.com/config-resource/cj/img_default.jpeg,ds18 smart child positioning phone watch,other,www.cjdropship.com
Rubber Watch Strap 202224mm Smart Quick Release,,Lists: 14,https://frontend-cf.cjdropshipping.com/config-resource/cj/img_default.jpeg,rubber watch strap 202224mm smart quick release,other,www.cjdropship.com
Nylon Watchband Watch Accessories Men,,Lists: 65,https://frontend-cf.cjdropshipping.com/config-resource/cj/img_default.jpeg,nylon watchband watch accessories men,other,www.cjdropship.com
Car phone holder,,Lists: 78,https://frontend-cf.cjdropshipping.com/config-resource/cj/img_default.jpeg,car phone holder,other,www.cjdropship.com
Two-color Smart Watch Silicone Band 20 22mm,,Lists: 8,https://frontend-cf.cjdropshipping.com/config-resource/cj/img_default.jpeg,two color smart watch silicone band 20 22mm,other,www.cjdropship.com
Smart Watch Smart Bracelet Sports Heart Rate,,Lists: 418,https://frontend-cf.cjdropshipping.com/config-resource/cj/img_default.jpeg,smart watch smart bracelet sports heart rate,other,www.cjdropship.com
Voice Smart Bluetooth Accessible Phone Warning Light Helmet,,Lists: 2,https://frontend-cf.cjdropshipping.com/config-resource/cj/img_default.jpeg,voice smart bluetooth accessible phone warning light helmet,other,www.cjdropship.com
Wireless WiFi Smart Camera Hd Monitor Cell Phone,,Lists: 29,https://frontend-cf.cjdropshipping.com/config-resource/cj/img_default.jpeg,wireless wifi smart camera hd monitor cell phone,Wifi,www.cjdropship.com
Bluetooth-compatible Smart Pager Mini Device Anti-lost Device,,Lists: 501,https://frontend-cf.cjdropshipping.com/config-resource/cj/img_default.jpeg,bluetooth compatible smart pager mini device anti lost device,other,www.cjdropship.com
Mobile phone bracket package,,Lists: 268,https://frontend-cf.cjdropshipping.com/config-resource/cj/img_default.jpeg,mobile phone bracket package,other,www.cjdropship.com
H10 Multi-function Dual Camera Sports Smart Phone Watch,,Lists: 171,https://frontend-cf.cjdropshipping.com/config-resource/cj/img_default.jpeg,h10 multi function dual camera sports smart phone watch,camera,www.cjdropship.com
DF99 Chinese And English Smart Phone Watch Waterproof HD,,Lists: 85,https://frontend-cf.cjdropshipping.com/config-resource/cj/img_default.jpeg,df99 chinese and english smart phone watch waterproof hd,other,www.cjdropship.com
Smart sports bracelet,,Lists: 274,https://frontend-cf.cjdropshipping.com/config-resource/cj/img_default.jpeg,smart sports bracelet,other,www.cjdropship.com
V19 smart bracelet,,Lists: 134,https://frontend-cf.cjdropshipping.com/config-resource/cj/img_default.jpeg,v19 smart bracelet,other,www.cjdropship.com
Aluminum Alloy Rotating Bicycle Phone Holder,,Lists: 20,https://frontend-cf.cjdropshipping.com/config-resource/cj/img_default.jpeg,aluminum alloy rotating bicycle phone holder,other,www.cjdropship.com
Electric motorcycle mobile phone bracket,,Lists: 39,https://frontend-cf.cjdropshipping.com/config-resource/cj/img_default.jpeg,electric motorcycle mobile phone bracket,other,www.cjdropship.com
S20 sleep smart bracelet,,Lists: 90,https://frontend-cf.cjdropshipping.com/config-resource/cj/img_default.jpeg,s20 sleep smart bracelet,other,www.cjdropship.com
Smart Bluetooth electronic watch,,Lists: 1418,https://frontend-cf.cjdropshipping.com/config-resource/cj/img_default.jpeg,smart bluetooth electronic watch,other,www.cjdropship.com
LEMFO Y99 Children's Watch 4G English Waterproof GPS Positioning Plug-In Cartoon Phone,,Lists: 37,https://frontend-cf.cjdropshipping.com/config-resource/cj/img_default.jpeg,lemfo y99 children s watch english waterproof gps positioning plug in cartoon phone,Antenne rÃ©seau,www.cjdropship.com
Smart Writing Mobile Phone Paper Screen Synchronous Notebook Multi-function,,Lists: 7,https://frontend-cf.cjdropshipping.com/config-resource/cj/img_default.jpeg,smart writing mobile phone paper screen synchronous notebook multi function,Ecran LCD,www.cjdropship.com
Smart Bracelet Fitness Tracker  Waterproof Heart Rate Blood Pressure Fitness Bracelet Smart Watch,,Lists: 1459,https://frontend-cf.cjdropshipping.com/config-resource/cj/img_default.jpeg,smart bracelet fitness tracker waterproof heart rate blood pressure fitness bracelet smart watch,other,www.cjdropship.com
CYKE new smart sports bracelet,,Lists: 47,https://frontend-cf.cjdropshipping.com/config-resource/cj/img_default.jpeg,cyke new smart sports bracelet,other,www.cjdropship.com
Universal Mount Cell Phone Clipper Holder,,Lists: 138,https://frontend-cf.cjdropshipping.com/config-resource/cj/img_default.jpeg,universal mount cell phone clipper holder,other,www.cjdropship.com
Watch3 Smart Bluetooth Call Astronaut,,Lists: 87,https://frontend-cf.cjdropshipping.com/config-resource/cj/img_default.jpeg,watch3 smart bluetooth call astronaut,other,www.cjdropship.com
ECG Monitoring Sports Smart Watch,,Lists: 154,https://frontend-cf.cjdropshipping.com/config-resource/cj/img_default.jpeg,ecg monitoring sports smart watch,other,www.cjdropship.com
"Compatible , Smart Color Screen Bracelet",,Lists: 86,https://frontend-cf.cjdropshipping.com/config-resource/cj/img_default.jpeg,compatible smart color screen bracelet,Ecran LCD,www.cjdropship.com
Foldable Magnetic Vacuum Car Phone Holder Foldable Suction Cup With Suction Cup Hands-Free Navigation For Smart Phone,,Lists: 3193,https://frontend-cf.cjdropshipping.com/config-resource/cj/img_default.jpeg,foldable magnetic vacuum car phone holder foldable suction cup with suction cup hands free navigation for smart phone,other,www.cjdropship.com
F64 Smart Bracelet Sports Bluetooth Watch,,Lists: 138,https://frontend-cf.cjdropshipping.com/config-resource/cj/img_default.jpeg,f64 smart bracelet sports bluetooth watch,other,www.cjdropship.com
Full Circle Screen  Card Sedentary Sleep Monitoring Watch,,Lists: 1067,https://frontend-cf.cjdropshipping.com/config-resource/cj/img_default.jpeg,full circle screen card sedentary sleep monitoring watch,Ecran LCD,www.cjdropship.com
Smart Watch Bluetooth Call Information Reminder,,Lists: 1331,https://frontend-cf.cjdropshipping.com/config-resource/cj/img_default.jpeg,smart watch bluetooth call information reminder,other,www.cjdropship.com
Smart Watches Are Fashionable And Casual,,Lists: 534,https://frontend-cf.cjdropshipping.com/config-resource/cj/img_default.jpeg,smart watches are fashionable and casual,other,www.cjdropship.com
Live Ring LED Mobile Phone Fill Light,,Lists: 178,https://frontend-cf.cjdropshipping.com/config-resource/cj/img_default.jpeg,live ring led mobile phone fill light,other,www.cjdropship.com
T1 Color Screen Smart Bluetooth Sports Bracelet,,Lists: 49,"https://cf.cjdropshipping.com/3e5b5528-3768-4dec-9312-a09e2fbbe7e6.jpg?x-oss-process=image/format,webp,image/resize,m_fill,m_pad,w_250,h_250",t1 color screen smart bluetooth sports bracelet,Ecran LCD,www.cjdropship.com
DM12 Fashion Big Screen Sports Smart Watch,,Lists: 137,"https://cc-west-usa.oss-accelerate.aliyuncs.com/20210107/2593736427510.jpg?x-oss-process=image/format,webp,image/resize,m_fill,m_pad,w_250,h_250",dm12 fashion big screen sports smart watch,Ecran LCD,www.cjdropship.com
Compatible With    R5 PRO Smart Wrist Band Heart Rate Blood Pressure Oxygen Oximeter Sport Bracelet Smart Watch For,,Lists: 190,"https://cf.cjdropshipping.com/1532574956656-QQ%E6%88%AA%E5%9B%BE20180723092106.jpg?x-oss-process=image/format,webp,image/resize,m_fill,m_pad,w_250,h_250",compatible with r5 pro smart wrist band heart rate blood pressure oxygen oximeter sport bracelet smart watch for,other,www.cjdropship.com
Children's Smart Phone Watch Can Take Pictures And Locate 1.44 HD Screen,,Lists: 89,"https://cc-west-usa.oss-accelerate.aliyuncs.com/1619580810544.jpg?x-oss-process=image/format,webp,image/resize,m_fill,m_pad,w_250,h_250",children s smart phone watch can take pictures and locate 1 44 hd screen,Ecran LCD,www.cjdropship.com
Led Smart Bluetooth Bulb Light Mobile Phone Dimming Color Music Group Control,,Lists: 136,"https://cc-west-usa.cjdropshipping.com/1620184855713.jpg?x-oss-process=image/format,webp,image/resize,m_fill,m_pad,w_250,h_250",led smart bluetooth bulb light mobile phone dimming color music group control,other,www.cjdropship.com
Q9 Pro Smart Bracelet Multi-function Watch,,Lists: 2426,"https://cf.cjdropshipping.com/b4cd8807-acc9-48e6-8b4a-d5ecff9857d9.jpg?x-oss-process=image/format,webp,image/resize,m_fill,m_pad,w_250,h_250",q9 pro smart bracelet multi function watch,other,www.cjdropship.com
Compatible with A6 color screen smart bracelet,,Lists: 106,"https://cc-west-usa.oss-accelerate.aliyuncs.com/20190831/2715636388803.png?x-oss-process=image/format,webp,image/resize,m_fill,m_pad,w_250,h_250",compatible with a6 color screen smart bracelet,Ecran LCD,www.cjdropship.com
Bluetooth Calling Smart Watch HD Large Screen,,Lists: 40,"https://oss-cf.cjdropshipping.com/product/2025/05/28/01/90189985-9fe8-4f81-9784-c5d5860e2a1e.jpg?x-oss-process=image/format,webp,image/resize,m_fill,m_pad,w_250,h_250",bluetooth calling smart watch hd large screen,Ecran LCD,www.cjdropship.com
Vibration Alarm Clock Smart Waterproof Electronic Watch,,Lists: 135,"https://cf.cjdropshipping.com/quick/product/3c73a4eb-ba89-4b84-93d4-2ee8f5e48242.jpg?x-oss-process=image/format,webp,image/resize,m_fill,m_pad,w_250,h_250",vibration alarm clock smart waterproof electronic watch,Vibreur,www.cjdropship.com
"Compatible With , Smart Bracelet Heart Rate And Blood Pressure Exercise Meter Step Information Push Smart Reminder Color Bracelet",,Lists: 3269,"https://cf.cjdropshipping.com/15420384/2149183455145.jpg?x-oss-process=image/format,webp,image/resize,m_fill,m_pad,w_250,h_250",compatible with smart bracelet heart rate and blood pressure exercise meter step information push smart reminder color bracelet,other,www.cjdropship.com
4 In 1 Magnetic Wireless Charger Fast Charging For Smart Phone Atmosphere Light Charging Station For Airpods Pro I-phone Watch,,Lists: 12675,"https://cf.cjdropshipping.com/65622623-63e9-4ecb-8dd1-792208f766ec.jpg?x-oss-process=image/format,webp,image/resize,m_fill,m_pad,w_250,h_250",4 in 1 magnetic wireless charger fast charging for smart phone atmosphere light charging station for airpods pro i phone watch,Batterie,www.cjdropship.com
CT62 Portable Multifunctional Mobile Phone Camera Stand Photography,,Lists: 230,"https://cf.cjdropshipping.com/8192caa4-2ac9-40fe-b792-4987db5d9d9a.jpg?x-oss-process=image/format,webp,image/resize,m_fill,m_pad,w_250,h_250",ct62 portable multifunctional mobile phone camera stand photography,Lentille Appareil Photo,www.cjdropship.com
ErgonomicWired Gaming Keyboard with RGB Backlight Phone Holder,,Lists: 2336,"https://cf.cjdropshipping.com/15728832/1489718421384.jpg?x-oss-process=image/format,webp,image/resize,m_fill,m_pad,w_250,h_250",ergonomicwired gaming keyboard with rgb backlight phone holder,FaÃ§ade arriÃ¨re,www.cjdropship.com
Smart Watch Photo Information Push Support Multi-language,,Lists: 115,"https://oss-cf.cjdropshipping.com/product/2024/06/05/09/a60756ac-9724-4849-b603-7dc680b0a679.jpg?x-oss-process=image/format,webp,image/resize,m_fill,m_pad,w_250,h_250",smart watch photo information push support multi language,Lentille Appareil Photo,www.cjdropship.com
Watch Card Positioning Boy Girl Student Smart Watch,,Lists: 147,"https://cc-west-usa.oss-accelerate.aliyuncs.com/e7906f2d-000a-4eaf-8b55-31df5049f611.jpg?x-oss-process=image/format,webp,image/resize,m_fill,m_pad,w_250,h_250",watch card positioning boy girl student smart watch,other,www.cjdropship.com
The New Smart Watch Wireless Charging ECG Monitoring,,Lists: 340,"https://cf.cjdropshipping.com/024e0322-7ff7-4513-bbbd-d0c07baedebd.jpg?x-oss-process=image/format,webp,image/resize,m_fill,m_pad,w_250,h_250",the new smart watch wireless charging ecg monitoring,Batterie,www.cjdropship.com
Smart Watch ZX18 1.57 Inch Sports Watch Gift,,Lists: 210,"https://cc-west-usa.oss-accelerate.aliyuncs.com/b6e3331d-dd4b-4b15-9db2-f2e5ca4bd2de.jpg?x-oss-process=image/format,webp,image/resize,m_fill,m_pad,w_250,h_250",smart watch zx18 1 57 inch sports watch gift,other,www.cjdropship.com
116PLUS Smart Bracelet Heart Rate Pedometer Sports Color Screen,,Lists: 68,"https://cc-west-usa.oss-accelerate.aliyuncs.com/1620442074813.jpg?x-oss-process=image/format,webp,image/resize,m_fill,m_pad,w_250,h_250",116plus smart bracelet heart rate pedometer sports color screen,Ecran LCD,www.cjdropship.com
Steampunk Mobile Phone Bag Role Play Costume Accessories,,Lists: 54,"https://cf.cjdropshipping.com/quick/product/3bcf75c0-d370-47cc-bfaa-23938d33fc07.jpg?x-oss-process=image/format,webp,image/resize,m_fill,m_pad,w_250,h_250",steampunk mobile phone bag role play costume accessories,other,www.cjdropship.com
Mobile Phone Holder Strong Light Flashlight Road Cycling Accessories,,Lists: 229,"https://cc-west-usa.oss-accelerate.aliyuncs.com/1620446192200.jpg?x-oss-process=image/format,webp,image/resize,m_fill,m_pad,w_250,h_250",mobile phone holder strong light flashlight road cycling accessories,other,www.cjdropship.com
360 Rotatable Phone Mount Holder Car Dashboard Gravity Adjustable GPS Stand Rotating Car Phone Holder Universal Dashboard Mount Car Holder GPS Phone Stands Auto Accessories Car Phone Holder,,Lists: 1582,"https://cc-west-usa.oss-accelerate.aliyuncs.com/f2d6a390-c99f-4f3e-8a6c-c2fa2c47ed74.jpg?x-oss-process=image/format,webp,image/resize,m_fill,m_pad,w_250,h_250",360 rotatable phone mount holder car dashboard gravity adjustable gps stand rotating car phone holder universal dashboard mount car holder gps phone stands auto accessories car phone holder,other,www.cjdropship.com
"Compatible with Apple, Mobile phone PTZ Mobile tripod handheld stabilizer fixed photography accessories",,Lists: 78,"https://cc-west-usa.oss-accelerate.aliyuncs.com/15570720/180325109104.jpg?x-oss-process=image/format,webp,image/resize,m_fill,m_pad,w_250,h_250",compatible with apple mobile phone ptz mobile tripod handheld stabilizer fixed photography accessories,Lentille Appareil Photo,www.cjdropship.com
Creative Beaded Pendant Ornaments Portable Chain Wrist Strap Short Lanyard Mobile Phone Lanyard Keychain Accessories,,Lists: 5,"https://cf.cjdropshipping.com/quick/product/c4e9d6b5-1588-4091-bbd4-b89f47cf60e5.jpg?x-oss-process=image/format,webp,image/resize,m_fill,m_pad,w_250,h_250",creative beaded pendant ornaments portable chain wrist strap short lanyard mobile phone lanyard keychain accessories,Stylet,www.cjdropship.com
Foldable Mobile Phone Holder Ring Buckle Retractable Desktop CellPhone Stand Car Magnetic Bracket Office Accessories,,Lists: 1389,"https://cc-west-usa.oss-accelerate.aliyuncs.com/78c173c2-7c8b-4a8c-9af9-d33d4da8c8e1.jpg?x-oss-process=image/format,webp,image/resize,m_fill,m_pad,w_250,h_250",foldable mobile phone holder ring buckle retractable desktop cellphone stand car magnetic bracket office accessories,other,www.cjdropship.com
For Magsafe Magnetic Luxury Leather Card Holder Wallet Case For 14 Pro Max 13 12 Phone Bag Adsorption Accessories Cover,,Lists: 5803,https://frontend-cf.cjdropshipping.com/config-resource/cj/img_default.jpeg,for magsafe magnetic luxury leather card holder wallet case for 14 pro max 13 12 phone bag adsorption accessories cover,other,www.cjdropship.com
Phone watch,,Lists: 282,https://frontend-cf.cjdropshipping.com/config-resource/cj/img_default.jpeg,phone watch,other,www.cjdropship.com
Smart Phone Watch Multi-function Positioning Function Mobile Phone,,Lists: 133,https://frontend-cf.cjdropshipping.com/config-resource/cj/img_default.jpeg,smart phone watch multi function positioning function mobile phone,other,www.cjdropship.com
Elderly Phone Watch GPS Positioning Anti-lost Old Smart Watch Anti-falling Alarm Heart Rate And Blood Pressure,,Lists: 250,https://frontend-cf.cjdropshipping.com/config-resource/cj/img_default.jpeg,elderly phone watch gps positioning anti lost old smart watch anti falling alarm heart rate and blood pressure,other,www.cjdropship.com
DS18 Smart Child Positioning Phone Watch,,Lists: 86,https://frontend-cf.cjdropshipping.com/config-resource/cj/img_default.jpeg,ds18 smart child positioning phone watch,other,www.cjdropship.com
Rubber Watch Strap 202224mm Smart Quick Release,,Lists: 14,https://frontend-cf.cjdropshipping.com/config-resource/cj/img_default.jpeg,rubber watch strap 202224mm smart quick release,other,www.cjdropship.com
Nylon Watchband Watch Accessories Men,,Lists: 65,https://frontend-cf.cjdropshipping.com/config-resource/cj/img_default.jpeg,nylon watchband watch accessories men,other,www.cjdropship.com
Car phone holder,,Lists: 78,https://frontend-cf.cjdropshipping.com/config-resource/cj/img_default.jpeg,car phone holder,other,www.cjdropship.com
Two-color Smart Watch Silicone Band 20 22mm,,Lists: 8,https://frontend-cf.cjdropshipping.com/config-resource/cj/img_default.jpeg,two color smart watch silicone band 20 22mm,other,www.cjdropship.com
Smart Watch Smart Bracelet Sports Heart Rate,,Lists: 418,https://frontend-cf.cjdropshipping.com/config-resource/cj/img_default.jpeg,smart watch smart bracelet sports heart rate,other,www.cjdropship.com
Voice Smart Bluetooth Accessible Phone Warning Light Helmet,,Lists: 2,https://frontend-cf.cjdropshipping.com/config-resource/cj/img_default.jpeg,voice smart bluetooth accessible phone warning light helmet,other,www.cjdropship.com
Wireless WiFi Smart Camera Hd Monitor Cell Phone,,Lists: 29,https://frontend-cf.cjdropshipping.com/config-resource/cj/img_default.jpeg,wireless wifi smart camera hd monitor cell phone,Wifi,www.cjdropship.com
Bluetooth-compatible Smart Pager Mini Device Anti-lost Device,,Lists: 501,https://frontend-cf.cjdropshipping.com/config-resource/cj/img_default.jpeg,bluetooth compatible smart pager mini device anti lost device,other,www.cjdropship.com
Mobile phone bracket package,,Lists: 268,https://frontend-cf.cjdropshipping.com/config-resource/cj/img_default.jpeg,mobile phone bracket package,other,www.cjdropship.com
H10 Multi-function Dual Camera Sports Smart Phone Watch,,Lists: 171,https://frontend-cf.cjdropshipping.com/config-resource/cj/img_default.jpeg,h10 multi function dual camera sports smart phone watch,camera,www.cjdropship.com
DF99 Chinese And English Smart Phone Watch Waterproof HD,,Lists: 85,https://frontend-cf.cjdropshipping.com/config-resource/cj/img_default.jpeg,df99 chinese and english smart phone watch waterproof hd,other,www.cjdropship.com
Smart sports bracelet,,Lists: 274,https://frontend-cf.cjdropshipping.com/config-resource/cj/img_default.jpeg,smart sports bracelet,other,www.cjdropship.com
V19 smart bracelet,,Lists: 134,https://frontend-cf.cjdropshipping.com/config-resource/cj/img_default.jpeg,v19 smart bracelet,other,www.cjdropship.com
Aluminum Alloy Rotating Bicycle Phone Holder,,Lists: 20,https://frontend-cf.cjdropshipping.com/config-resource/cj/img_default.jpeg,aluminum alloy rotating bicycle phone holder,other,www.cjdropship.com
Electric motorcycle mobile phone bracket,,Lists: 39,https://frontend-cf.cjdropshipping.com/config-resource/cj/img_default.jpeg,electric motorcycle mobile phone bracket,other,www.cjdropship.com
S20 sleep smart bracelet,,Lists: 90,https://frontend-cf.cjdropshipping.com/config-resource/cj/img_default.jpeg,s20 sleep smart bracelet,other,www.cjdropship.com
Smart Bluetooth electronic watch,,Lists: 1418,https://frontend-cf.cjdropshipping.com/config-resource/cj/img_default.jpeg,smart bluetooth electronic watch,other,www.cjdropship.com
LEMFO Y99 Children's Watch 4G English Waterproof GPS Positioning Plug-In Cartoon Phone,,Lists: 37,https://frontend-cf.cjdropshipping.com/config-resource/cj/img_default.jpeg,lemfo y99 children s watch english waterproof gps positioning plug in cartoon phone,Antenne rÃ©seau,www.cjdropship.com
Smart Writing Mobile Phone Paper Screen Synchronous Notebook Multi-function,,Lists: 7,https://frontend-cf.cjdropshipping.com/config-resource/cj/img_default.jpeg,smart writing mobile phone paper screen synchronous notebook multi function,Ecran LCD,www.cjdropship.com
Smart Bracelet Fitness Tracker  Waterproof Heart Rate Blood Pressure Fitness Bracelet Smart Watch,,Lists: 1459,https://frontend-cf.cjdropshipping.com/config-resource/cj/img_default.jpeg,smart bracelet fitness tracker waterproof heart rate blood pressure fitness bracelet smart watch,other,www.cjdropship.com
CYKE new smart sports bracelet,,Lists: 47,https://frontend-cf.cjdropshipping.com/config-resource/cj/img_default.jpeg,cyke new smart sports bracelet,other,www.cjdropship.com
Universal Mount Cell Phone Clipper Holder,,Lists: 138,https://frontend-cf.cjdropshipping.com/config-resource/cj/img_default.jpeg,universal mount cell phone clipper holder,other,www.cjdropship.com
Watch3 Smart Bluetooth Call Astronaut,,Lists: 87,https://frontend-cf.cjdropshipping.com/config-resource/cj/img_default.jpeg,watch3 smart bluetooth call astronaut,other,www.cjdropship.com
ECG Monitoring Sports Smart Watch,,Lists: 154,https://frontend-cf.cjdropshipping.com/config-resource/cj/img_default.jpeg,ecg monitoring sports smart watch,other,www.cjdropship.com
"Compatible , Smart Color Screen Bracelet",,Lists: 86,https://frontend-cf.cjdropshipping.com/config-resource/cj/img_default.jpeg,compatible smart color screen bracelet,Ecran LCD,www.cjdropship.com
Foldable Magnetic Vacuum Car Phone Holder Foldable Suction Cup With Suction Cup Hands-Free Navigation For Smart Phone,,Lists: 3193,https://frontend-cf.cjdropshipping.com/config-resource/cj/img_default.jpeg,foldable magnetic vacuum car phone holder foldable suction cup with suction cup hands free navigation for smart phone,other,www.cjdropship.com
F64 Smart Bracelet Sports Bluetooth Watch,,Lists: 138,https://frontend-cf.cjdropshipping.com/config-resource/cj/img_default.jpeg,f64 smart bracelet sports bluetooth watch,other,www.cjdropship.com
Full Circle Screen  Card Sedentary Sleep Monitoring Watch,,Lists: 1067,https://frontend-cf.cjdropshipping.com/config-resource/cj/img_default.jpeg,full circle screen card sedentary sleep monitoring watch,Ecran LCD,www.cjdropship.com
Smart Watch Bluetooth Call Information Reminder,,Lists: 1331,https://frontend-cf.cjdropshipping.com/config-resource/cj/img_default.jpeg,smart watch bluetooth call information reminder,other,www.cjdropship.com
Smart Watches Are Fashionable And Casual,,Lists: 534,https://frontend-cf.cjdropshipping.com/config-resource/cj/img_default.jpeg,smart watches are fashionable and casual,other,www.cjdropship.com
Live Ring LED Mobile Phone Fill Light,,Lists: 178,https://frontend-cf.cjdropshipping.com/config-resource/cj/img_default.jpeg,live ring led mobile phone fill light,other,www.cjdropship.com
T1 Color Screen Smart Bluetooth Sports Bracelet,,Lists: 49,"https://cf.cjdropshipping.com/3e5b5528-3768-4dec-9312-a09e2fbbe7e6.jpg?x-oss-process=image/format,webp,image/resize,m_fill,m_pad,w_250,h_250",t1 color screen smart bluetooth sports bracelet,Ecran LCD,www.cjdropship.com
DM12 Fashion Big Screen Sports Smart Watch,,Lists: 137,"https://cc-west-usa.oss-accelerate.aliyuncs.com/20210107/2593736427510.jpg?x-oss-process=image/format,webp,image/resize,m_fill,m_pad,w_250,h_250",dm12 fashion big screen sports smart watch,Ecran LCD,www.cjdropship.com
Compatible With    R5 PRO Smart Wrist Band Heart Rate Blood Pressure Oxygen Oximeter Sport Bracelet Smart Watch For,,Lists: 190,"https://cf.cjdropshipping.com/1532574956656-QQ%E6%88%AA%E5%9B%BE20180723092106.jpg?x-oss-process=image/format,webp,image/resize,m_fill,m_pad,w_250,h_250",compatible with r5 pro smart wrist band heart rate blood pressure oxygen oximeter sport bracelet smart watch for,other,www.cjdropship.com
Children's Smart Phone Watch Can Take Pictures And Locate 1.44 HD Screen,,Lists: 89,"https://cc-west-usa.oss-accelerate.aliyuncs.com/1619580810544.jpg?x-oss-process=image/format,webp,image/resize,m_fill,m_pad,w_250,h_250",children s smart phone watch can take pictures and locate 1 44 hd screen,Ecran LCD,www.cjdropship.com
Led Smart Bluetooth Bulb Light Mobile Phone Dimming Color Music Group Control,,Lists: 136,"https://cc-west-usa.cjdropshipping.com/1620184855713.jpg?x-oss-process=image/format,webp,image/resize,m_fill,m_pad,w_250,h_250",led smart bluetooth bulb light mobile phone dimming color music group control,other,www.cjdropship.com
Q9 Pro Smart Bracelet Multi-function Watch,,Lists: 2426,"https://cf.cjdropshipping.com/b4cd8807-acc9-48e6-8b4a-d5ecff9857d9.jpg?x-oss-process=image/format,webp,image/resize,m_fill,m_pad,w_250,h_250",q9 pro smart bracelet multi function watch,other,www.cjdropship.com
Compatible with A6 color screen smart bracelet,,Lists: 106,"https://cc-west-usa.oss-accelerate.aliyuncs.com/20190831/2715636388803.png?x-oss-process=image/format,webp,image/resize,m_fill,m_pad,w_250,h_250",compatible with a6 color screen smart bracelet,Ecran LCD,www.cjdropship.com
Bluetooth Calling Smart Watch HD Large Screen,,Lists: 40,"https://oss-cf.cjdropshipping.com/product/2025/05/28/01/90189985-9fe8-4f81-9784-c5d5860e2a1e.jpg?x-oss-process=image/format,webp,image/resize,m_fill,m_pad,w_250,h_250",bluetooth calling smart watch hd large screen,Ecran LCD,www.cjdropship.com
Vibration Alarm Clock Smart Waterproof Electronic Watch,,Lists: 135,"https://cf.cjdropshipping.com/quick/product/3c73a4eb-ba89-4b84-93d4-2ee8f5e48242.jpg?x-oss-process=image/format,webp,image/resize,m_fill,m_pad,w_250,h_250",vibration alarm clock smart waterproof electronic watch,Vibreur,www.cjdropship.com
"Compatible With , Smart Bracelet Heart Rate And Blood Pressure Exercise Meter Step Information Push Smart Reminder Color Bracelet",,Lists: 3269,"https://cf.cjdropshipping.com/15420384/2149183455145.jpg?x-oss-process=image/format,webp,image/resize,m_fill,m_pad,w_250,h_250",compatible with smart bracelet heart rate and blood pressure exercise meter step information push smart reminder color bracelet,other,www.cjdropship.com
4 In 1 Magnetic Wireless Charger Fast Charging For Smart Phone Atmosphere Light Charging Station For Airpods Pro I-phone Watch,,Lists: 12675,"https://cf.cjdropshipping.com/65622623-63e9-4ecb-8dd1-792208f766ec.jpg?x-oss-process=image/format,webp,image/resize,m_fill,m_pad,w_250,h_250",4 in 1 magnetic wireless charger fast charging for smart phone atmosphere light charging station for airpods pro i phone watch,Batterie,www.cjdropship.com
CT62 Portable Multifunctional Mobile Phone Camera Stand Photography,,Lists: 230,"https://cf.cjdropshipping.com/8192caa4-2ac9-40fe-b792-4987db5d9d9a.jpg?x-oss-process=image/format,webp,image/resize,m_fill,m_pad,w_250,h_250",ct62 portable multifunctional mobile phone camera stand photography,Lentille Appareil Photo,www.cjdropship.com
ErgonomicWired Gaming Keyboard with RGB Backlight Phone Holder,,Lists: 2336,"https://cf.cjdropshipping.com/15728832/1489718421384.jpg?x-oss-process=image/format,webp,image/resize,m_fill,m_pad,w_250,h_250",ergonomicwired gaming keyboard with rgb backlight phone holder,FaÃ§ade arriÃ¨re,www.cjdropship.com
Smart Watch Photo Information Push Support Multi-language,,Lists: 115,"https://oss-cf.cjdropshipping.com/product/2024/06/05/09/a60756ac-9724-4849-b603-7dc680b0a679.jpg?x-oss-process=image/format,webp,image/resize,m_fill,m_pad,w_250,h_250",smart watch photo information push support multi language,Lentille Appareil Photo,www.cjdropship.com
Watch Card Positioning Boy Girl Student Smart Watch,,Lists: 147,"https://cc-west-usa.oss-accelerate.aliyuncs.com/e7906f2d-000a-4eaf-8b55-31df5049f611.jpg?x-oss-process=image/format,webp,image/resize,m_fill,m_pad,w_250,h_250",watch card positioning boy girl student smart watch,other,www.cjdropship.com
The New Smart Watch Wireless Charging ECG Monitoring,,Lists: 340,"https://cf.cjdropshipping.com/024e0322-7ff7-4513-bbbd-d0c07baedebd.jpg?x-oss-process=image/format,webp,image/resize,m_fill,m_pad,w_250,h_250",the new smart watch wireless charging ecg monitoring,Batterie,www.cjdropship.com
Smart Watch ZX18 1.57 Inch Sports Watch Gift,,Lists: 210,"https://cc-west-usa.oss-accelerate.aliyuncs.com/b6e3331d-dd4b-4b15-9db2-f2e5ca4bd2de.jpg?x-oss-process=image/format,webp,image/resize,m_fill,m_pad,w_250,h_250",smart watch zx18 1 57 inch sports watch gift,other,www.cjdropship.com
116PLUS Smart Bracelet Heart Rate Pedometer Sports Color Screen,,Lists: 68,"https://cc-west-usa.oss-accelerate.aliyuncs.com/1620442074813.jpg?x-oss-process=image/format,webp,image/resize,m_fill,m_pad,w_250,h_250",116plus smart bracelet heart rate pedometer sports color screen,Ecran LCD,www.cjdropship.com
"Cat Strip Feeder, Cat Strip Happy Spoon, Cat Wet Food Spoon Portable Cat Feeding Spoon Reuseable Cat Strip Spoon Lickable Pet Feeder Spoon Pets Cat Food Accessories, Cat Strip Squeeze Spoon",,Lists: 280,"https://cc-west-usa.oss-us-west-1.aliyuncs.com/4358861a-0a3c-40f9-89ca-73f70b5d21ca.jpg?x-oss-process=image/format,webp,image/resize,m_fill,m_pad,w_250,h_250",cat strip feeder cat strip happy spoon cat wet food spoon portable cat feeding spoon reuseable cat strip spoon lickable pet feeder spoon pets cat food accessories cat strip squeeze spoon,other,www.cjdropship.com
"Cat Hair Brush With Water, Sticky Brush For Cats, 4 In-1 Cat Grooming Brush Creative Update Cat Dog Grooming Comb With Water Tank Double-Sided Hair Removal Brush Kitten Pet Supplies Accessories",,Lists: 1211,"https://cc-west-usa.oss-us-west-1.aliyuncs.com/17199648/1808309710328434688.jpg?x-oss-process=image/format,webp,image/resize,m_fill,m_pad,w_250,h_250",cat hair brush with water sticky brush for cats 4 in 1 cat grooming brush creative update cat dog grooming comb with water tank double sided hair removal brush kitten pet supplies accessories,other,www.cjdropship.com
"Cat Strip Feeder, Cat Strip Happy Spoon, Cat Wet Food Spoon Portable Cat Feeding Spoon Reuseable Cat Strip Spoon Lickable Pet Feeder Spoon Pets Cat Food Accessories, Cat Strip Squeeze Spoon",,Lists: 280,"https://cc-west-usa.oss-us-west-1.aliyuncs.com/4358861a-0a3c-40f9-89ca-73f70b5d21ca.jpg?x-oss-process=image/format,webp,image/resize,m_fill,m_pad,w_250,h_250",cat strip feeder cat strip happy spoon cat wet food spoon portable cat feeding spoon reuseable cat strip spoon lickable pet feeder spoon pets cat food accessories cat strip squeeze spoon,other,www.cjdropship.com
"Cat Hair Brush With Water, Sticky Brush For Cats, 4 In-1 Cat Grooming Brush Creative Update Cat Dog Grooming Comb With Water Tank Double-Sided Hair Removal Brush Kitten Pet Supplies Accessories",,Lists: 1211,"https://cc-west-usa.oss-us-west-1.aliyuncs.com/17199648/1808309710328434688.jpg?x-oss-process=image/format,webp,image/resize,m_fill,m_pad,w_250,h_250",cat hair brush with water sticky brush for cats 4 in 1 cat grooming brush creative update cat dog grooming comb with water tank double sided hair removal brush kitten pet supplies accessories,other,www.cjdropship.com
"Cat Strip Feeder, Cat Strip Happy Spoon, Cat Wet Food Spoon Portable Cat Feeding Spoon Reuseable Cat Strip Spoon Lickable Pet Feeder Spoon Pets Cat Food Accessories, Cat Strip Squeeze Spoon",,Lists: 280,"https://cc-west-usa.oss-us-west-1.aliyuncs.com/4358861a-0a3c-40f9-89ca-73f70b5d21ca.jpg?x-oss-process=image/format,webp,image/resize,m_fill,m_pad,w_250,h_250",cat strip feeder cat strip happy spoon cat wet food spoon portable cat feeding spoon reuseable cat strip spoon lickable pet feeder spoon pets cat food accessories cat strip squeeze spoon,other,www.cjdropship.com
"Cat Hair Brush With Water, Sticky Brush For Cats, 4 In-1 Cat Grooming Brush Creative Update Cat Dog Grooming Comb With Water Tank Double-Sided Hair Removal Brush Kitten Pet Supplies Accessories",,Lists: 1211,"https://cc-west-usa.oss-us-west-1.aliyuncs.com/17199648/1808309710328434688.jpg?x-oss-process=image/format,webp,image/resize,m_fill,m_pad,w_250,h_250",cat hair brush with water sticky brush for cats 4 in 1 cat grooming brush creative update cat dog grooming comb with water tank double sided hair removal brush kitten pet supplies accessories,other,www.cjdropship.com
"Cat Strip Feeder, Cat Strip Happy Spoon, Cat Wet Food Spoon Portable Cat Feeding Spoon Reuseable Cat Strip Spoon Lickable Pet Feeder Spoon Pets Cat Food Accessories, Cat Strip Squeeze Spoon",,Lists: 280,"https://cc-west-usa.oss-us-west-1.aliyuncs.com/4358861a-0a3c-40f9-89ca-73f70b5d21ca.jpg?x-oss-process=image/format,webp,image/resize,m_fill,m_pad,w_250,h_250",cat strip feeder cat strip happy spoon cat wet food spoon portable cat feeding spoon reuseable cat strip spoon lickable pet feeder spoon pets cat food accessories cat strip squeeze spoon,other,www.cjdropship.com
"Cat Hair Brush With Water, Sticky Brush For Cats, 4 In-1 Cat Grooming Brush Creative Update Cat Dog Grooming Comb With Water Tank Double-Sided Hair Removal Brush Kitten Pet Supplies Accessories",,Lists: 1211,"https://cc-west-usa.oss-us-west-1.aliyuncs.com/17199648/1808309710328434688.jpg?x-oss-process=image/format,webp,image/resize,m_fill,m_pad,w_250,h_250",cat hair brush with water sticky brush for cats 4 in 1 cat grooming brush creative update cat dog grooming comb with water tank double sided hair removal brush kitten pet supplies accessories,other,www.cjdropship.com
"Cat Strip Feeder, Cat Strip Happy Spoon, Cat Wet Food Spoon Portable Cat Feeding Spoon Reuseable Cat Strip Spoon Lickable Pet Feeder Spoon Pets Cat Food Accessories, Cat Strip Squeeze Spoon",,Lists: 280,"https://cc-west-usa.oss-us-west-1.aliyuncs.com/4358861a-0a3c-40f9-89ca-73f70b5d21ca.jpg?x-oss-process=image/format,webp,image/resize,m_fill,m_pad,w_250,h_250",cat strip feeder cat strip happy spoon cat wet food spoon portable cat feeding spoon reuseable cat strip spoon lickable pet feeder spoon pets cat food accessories cat strip squeeze spoon,other,www.cjdropship.com
"Cat Hair Brush With Water, Sticky Brush For Cats, 4 In-1 Cat Grooming Brush Creative Update Cat Dog Grooming Comb With Water Tank Double-Sided Hair Removal Brush Kitten Pet Supplies Accessories",,Lists: 1211,"https://cc-west-usa.oss-us-west-1.aliyuncs.com/17199648/1808309710328434688.jpg?x-oss-process=image/format,webp,image/resize,m_fill,m_pad,w_250,h_250",cat hair brush with water sticky brush for cats 4 in 1 cat grooming brush creative update cat dog grooming comb with water tank double sided hair removal brush kitten pet supplies accessories,other,www.cjdropship.com
"Cat Strip Feeder, Cat Strip Happy Spoon, Cat Wet Food Spoon Portable Cat Feeding Spoon Reuseable Cat Strip Spoon Lickable Pet Feeder Spoon Pets Cat Food Accessories, Cat Strip Squeeze Spoon",,Lists: 280,"https://cc-west-usa.oss-us-west-1.aliyuncs.com/4358861a-0a3c-40f9-89ca-73f70b5d21ca.jpg?x-oss-process=image/format,webp,image/resize,m_fill,m_pad,w_250,h_250",cat strip feeder cat strip happy spoon cat wet food spoon portable cat feeding spoon reuseable cat strip spoon lickable pet feeder spoon pets cat food accessories cat strip squeeze spoon,other,www.cjdropship.com
"Cat Hair Brush With Water, Sticky Brush For Cats, 4 In-1 Cat Grooming Brush Creative Update Cat Dog Grooming Comb With Water Tank Double-Sided Hair Removal Brush Kitten Pet Supplies Accessories",,Lists: 1211,"https://cc-west-usa.oss-us-west-1.aliyuncs.com/17199648/1808309710328434688.jpg?x-oss-process=image/format,webp,image/resize,m_fill,m_pad,w_250,h_250",cat hair brush with water sticky brush for cats 4 in 1 cat grooming brush creative update cat dog grooming comb with water tank double sided hair removal brush kitten pet supplies accessories,other,www.cjdropship.com
"Cat Strip Feeder, Cat Strip Happy Spoon, Cat Wet Food Spoon Portable Cat Feeding Spoon Reuseable Cat Strip Spoon Lickable Pet Feeder Spoon Pets Cat Food Accessories, Cat Strip Squeeze Spoon",,Lists: 280,"https://cc-west-usa.oss-us-west-1.aliyuncs.com/4358861a-0a3c-40f9-89ca-73f70b5d21ca.jpg?x-oss-process=image/format,webp,image/resize,m_fill,m_pad,w_250,h_250",cat strip feeder cat strip happy spoon cat wet food spoon portable cat feeding spoon reuseable cat strip spoon lickable pet feeder spoon pets cat food accessories cat strip squeeze spoon,other,www.cjdropship.com
"Cat Hair Brush With Water, Sticky Brush For Cats, 4 In-1 Cat Grooming Brush Creative Update Cat Dog Grooming Comb With Water Tank Double-Sided Hair Removal Brush Kitten Pet Supplies Accessories",,Lists: 1211,"https://cc-west-usa.oss-us-west-1.aliyuncs.com/17199648/1808309710328434688.jpg?x-oss-process=image/format,webp,image/resize,m_fill,m_pad,w_250,h_250",cat hair brush with water sticky brush for cats 4 in 1 cat grooming brush creative update cat dog grooming comb with water tank double sided hair removal brush kitten pet supplies accessories,other,www.cjdropship.com
"Cat Strip Feeder, Cat Strip Happy Spoon, Cat Wet Food Spoon Portable Cat Feeding Spoon Reuseable Cat Strip Spoon Lickable Pet Feeder Spoon Pets Cat Food Accessories, Cat Strip Squeeze Spoon",,Lists: 280,"https://cc-west-usa.oss-us-west-1.aliyuncs.com/4358861a-0a3c-40f9-89ca-73f70b5d21ca.jpg?x-oss-process=image/format,webp,image/resize,m_fill,m_pad,w_250,h_250",cat strip feeder cat strip happy spoon cat wet food spoon portable cat feeding spoon reuseable cat strip spoon lickable pet feeder spoon pets cat food accessories cat strip squeeze spoon,other,www.cjdropship.com
"Cat Hair Brush With Water, Sticky Brush For Cats, 4 In-1 Cat Grooming Brush Creative Update Cat Dog Grooming Comb With Water Tank Double-Sided Hair Removal Brush Kitten Pet Supplies Accessories",,Lists: 1211,"https://cc-west-usa.oss-us-west-1.aliyuncs.com/17199648/1808309710328434688.jpg?x-oss-process=image/format,webp,image/resize,m_fill,m_pad,w_250,h_250",cat hair brush with water sticky brush for cats 4 in 1 cat grooming brush creative update cat dog grooming comb with water tank double sided hair removal brush kitten pet supplies accessories,other,www.cjdropship.com
"Cat Strip Feeder, Cat Strip Happy Spoon, Cat Wet Food Spoon Portable Cat Feeding Spoon Reuseable Cat Strip Spoon Lickable Pet Feeder Spoon Pets Cat Food Accessories, Cat Strip Squeeze Spoon",,Lists: 280,"https://cc-west-usa.oss-us-west-1.aliyuncs.com/4358861a-0a3c-40f9-89ca-73f70b5d21ca.jpg?x-oss-process=image/format,webp,image/resize,m_fill,m_pad,w_250,h_250",cat strip feeder cat strip happy spoon cat wet food spoon portable cat feeding spoon reuseable cat strip spoon lickable pet feeder spoon pets cat food accessories cat strip squeeze spoon,other,www.cjdropship.com
"Cat Hair Brush With Water, Sticky Brush For Cats, 4 In-1 Cat Grooming Brush Creative Update Cat Dog Grooming Comb With Water Tank Double-Sided Hair Removal Brush Kitten Pet Supplies Accessories",,Lists: 1211,"https://cc-west-usa.oss-us-west-1.aliyuncs.com/17199648/1808309710328434688.jpg?x-oss-process=image/format,webp,image/resize,m_fill,m_pad,w_250,h_250",cat hair brush with water sticky brush for cats 4 in 1 cat grooming brush creative update cat dog grooming comb with water tank double sided hair removal brush kitten pet supplies accessories,other,www.cjdropship.com
"Cat Strip Feeder, Cat Strip Happy Spoon, Cat Wet Food Spoon Portable Cat Feeding Spoon Reuseable Cat Strip Spoon Lickable Pet Feeder Spoon Pets Cat Food Accessories, Cat Strip Squeeze Spoon",,Lists: 280,"https://cc-west-usa.oss-us-west-1.aliyuncs.com/4358861a-0a3c-40f9-89ca-73f70b5d21ca.jpg?x-oss-process=image/format,webp,image/resize,m_fill,m_pad,w_250,h_250",cat strip feeder cat strip happy spoon cat wet food spoon portable cat feeding spoon reuseable cat strip spoon lickable pet feeder spoon pets cat food accessories cat strip squeeze spoon,other,www.cjdropship.com
"Cat Hair Brush With Water, Sticky Brush For Cats, 4 In-1 Cat Grooming Brush Creative Update Cat Dog Grooming Comb With Water Tank Double-Sided Hair Removal Brush Kitten Pet Supplies Accessories",,Lists: 1211,"https://cc-west-usa.oss-us-west-1.aliyuncs.com/17199648/1808309710328434688.jpg?x-oss-process=image/format,webp,image/resize,m_fill,m_pad,w_250,h_250",cat hair brush with water sticky brush for cats 4 in 1 cat grooming brush creative update cat dog grooming comb with water tank double sided hair removal brush kitten pet supplies accessories,other,www.cjdropship.com
"Cat Strip Feeder, Cat Strip Happy Spoon, Cat Wet Food Spoon Portable Cat Feeding Spoon Reuseable Cat Strip Spoon Lickable Pet Feeder Spoon Pets Cat Food Accessories, Cat Strip Squeeze Spoon",,Lists: 280,"https://cc-west-usa.oss-us-west-1.aliyuncs.com/4358861a-0a3c-40f9-89ca-73f70b5d21ca.jpg?x-oss-process=image/format,webp,image/resize,m_fill,m_pad,w_250,h_250",cat strip feeder cat strip happy spoon cat wet food spoon portable cat feeding spoon reuseable cat strip spoon lickable pet feeder spoon pets cat food accessories cat strip squeeze spoon,other,www.cjdropship.com
"Cat Hair Brush With Water, Sticky Brush For Cats, 4 In-1 Cat Grooming Brush Creative Update Cat Dog Grooming Comb With Water Tank Double-Sided Hair Removal Brush Kitten Pet Supplies Accessories",,Lists: 1211,"https://cc-west-usa.oss-us-west-1.aliyuncs.com/17199648/1808309710328434688.jpg?x-oss-process=image/format,webp,image/resize,m_fill,m_pad,w_250,h_250",cat hair brush with water sticky brush for cats 4 in 1 cat grooming brush creative update cat dog grooming comb with water tank double sided hair removal brush kitten pet supplies accessories,other,www.cjdropship.com
